Unidade da Federação,2008/Fev,2008/Mar,2008/Abr,2008/Mai,2008/Jun,2008/Jul,2008/Ago,2008/Set,2008/Out,2008/Nov,2008/Dez,2009/Jan,2009/Fev,2009/Mar,2009/Abr,2009/Mai,2009/Jun,2009/Jul,2009/Ago,2009/Set,2009/Out,2009/Nov,2009/Dez,2010/Jan,2010/Fev,2010/Mar,2010/Abr,2010/Mai,2010/Jun,2010/Jul,2010/Ago,2010/Set,2010/Out,2010/Nov,2010/Dez,2011/Jan,2011/Fev,2011/Mar,2011/Abr,2011/Mai,2011/Jun,2011/Jul,2011/Ago,2011/Set,2011/Out,2011/Nov,2011/Dez,2012/Jan,2012/Fev,2012/Mar,2012/Abr,2012/Mai,2012/Jun,2012/Jul,2012/Ago,2012/Set,2012/Out,2012/Nov,2012/Dez,2013/Jan,2013/Fev,2013/Mar,2013/Abr,2013/Mai,2013/Jun,2013/Jul,2013/Ago,2013/Set,2013/Out,2013/Nov,2013/Dez,2014/Jan,2014/Fev,2014/Mar,2014/Abr,2014/Mai,2014/Jun,2014/Jul,2014/Ago,2014/Set,2014/Out,2014/Nov,2014/Dez,2015/Jan,2015/Fev,2015/Mar,2015/Abr,2015/Mai,2015/Jun,2015/Jul,2015/Ago,2015/Set,2015/Out,2015/Nov,2015/Dez,2016/Jan,2016/Fev,2016/Mar,2016/Abr,2016/Mai,2016/Jun,2016/Jul,2016/Ago,2016/Set,2016/Out,2016/Nov,2016/Dez,2017/Jan,2017/Fev,2017/Mar,2017/Abr,2017/Mai,2017/Jun,2017/Jul,2017/Ago,2017/Set,2017/Out,2017/Nov,2017/Dez,2018/Jan,2018/Fev,2018/Mar,2018/Abr,2018/Mai,2018/Jun,2018/Jul,2018/Ago,2018/Set,2018/Out,2018/Nov,2018/Dez,2019/Jan,2019/Fev,2019/Mar,2019/Abr,2019/Mai,2019/Jun,2019/Jul,2019/Ago,2019/Set,2019/Out,2019/Nov,2019/Dez,2020/Jan,2020/Fev,2020/Mar,2020/Abr,2020/Mai,2020/Jun,2020/Jul
35 São Paulo,172.83491472999998,170.48184956,170.27828595,172.40218059,175.41659583,179.5250021,179.89807022,180.08220371000002,191.68522008000002,190.5397388,177.08638069,192.32155736,178.59637679,216.95159157,215.05301845,212.89024816,212.6709008,214.04123742,215.21253608,214.13544445,216.05658261000002,208.97389203999998,192.12709909999998,213.46788576,195.78479523,239.32393216,221.17299121000002,231.77754943,223.93379866,224.06791411,248.01013050999998,224.05298008000003,238.93545274000002,225.48405946,210.61146051,229.08700284,221.59804365,241.39991484,229.82123445,250.79356977,236.80748884,240.198575,247.77001622,233.27928679,232.14220382,223.376817,208.27518655,236.79309761000002,219.39194971,245.94826679,230.94185255000002,251.69721841999998,234.25724225,244.24523034,252.18976902,238.13245609,278.81990914,225.77586012999998,215.78041093000002,253.13677893000002,222.4495292,254.93824241,262.64986582,262.50997531999997,254.00302272,263.07196769,265.89136031,261.81295134,283.88012583,247.97995213,230.48163233000002,269.47173549,250.40240963999997,264.11021192,258.79894355,279.68897763,263.42982531,277.89578558999995,278.1639715,283.48895785,277.24432524,256.17503819,241.67627649000002,265.63723734,238.22885291,285.41673348,264.97707359000003,276.96231295,271.9344606,275.66249833,279.42652863,265.44621319,265.60621169999996,254.55668611000002,243.99913358,260.38224188,249.74007776,281.42627577999997,266.6868187,277.20730795,277.87554889999996,271.35092757999996,278.92920981,265.84450038,266.32500123,257.13377330000003,247.76405487,270.91034153,247.30459141999998,288.97535257,263.47175913,292.11340478,274.30107313999997,283.53461742,300.59373896,267.29724395,287.11478448,267.11324903999997,259.45168590000003,279.49757088999996,254.00462807,285.27055962000003,286.19196506000003,291.44094701999995,278.92601836,285.85191968,295.41931115,277.57616624,301.45486705,278.11430244,266.2398008,291.08140659,267.6625087,285.57631272000003,292.58482835,308.92559824,281.40514678,306.63398791000003,302.36727677,293.68571314999997,303.3825271,282.39177321,272.69769504000004,301.99116767000004,271.35678404000004,276.60628892,251.69636266,302.85766098,299.06085162,282.70957031
31 Minas Gerais,70.3010895,79.11900551000001,79.04632241,79.26807012,79.60865253,82.20022447,80.37411708,82.40014679000001,88.6134766,84.48699610999999,88.9286303,99.01815584,83.67511983,100.24065184,91.83132537,97.28970306999999,95.72339653,100.0500087,98.96806476,98.20211908,96.96239426999999,94.76763912999999,92.41277073,95.80655642,90.76489028,107.38985003,100.82976737999999,105.4855678,99.66611596,103.35699564,107.84425969,104.34113819,100.52540388,101.9436255,99.5389536,107.73891581999999,103.14077307,111.06599594,106.09432928,115.48719935,110.06246087999999,110.09695971,114.96708294,109.7605262,111.44529868000001,107.45512344,107.70719905,119.72912395,107.15208811,122.16346617,112.56927874,125.66712462999999,115.76164239,122.00727721999999,123.93192367,114.79220087,122.09921056,112.21164727,110.2691654,120.40818168000001,107.89464744,126.11786662,131.2528953,128.90889764,126.74969943,132.07937742000001,130.21863431,128.83491424,134.27596554,123.88883702,124.20866826000001,134.1561548,127.95165433,135.66519686,138.37717469999998,144.30355286000002,134.14314346,142.59669151,138.77411263,139.25742521,143.67646188,136.08071706,131.24134853,131.69563874,126.03651047,150.87504127,142.58164131,146.10451761000002,142.89553096,137.93992552,140.77692148,137.73378602,140.16222198,134.37352499000002,129.6322703,131.12346642,127.36360581,144.10512289,136.0158927,143.17850493,140.72212767,137.00214167,143.74302018,136.14565965,138.40862287000002,129.52889252,132.62861772,139.05293122,129.33037204000001,150.24220174,136.71509944,153.41211969,144.29143809,147.53349674,156.05555343,142.28510384,148.30609414,142.32394476,138.34119184,146.50161807,130.70212627,151.49624519,150.68760294999998,153.58925944,150.25175137,156.63399016,160.42004349,145.94100754,157.2475797,148.17278399,145.38724073,153.17730519,142.66915377,151.94363056,157.92259868,163.59146178999998,154.11482271,166.73565041,161.70782505000003,157.41973193,166.13380332,152.10666017,152.39859906,158.09790397999998,141.32317561000002,147.07855629,126.33064986,136.86727575,135.97757187,120.46718734000001
41 Paraná,48.855046460000004,55.61179107,56.11513582,55.57483193,56.09475474,59.80240207,56.69900113,58.09198579,61.365941219999996,59.66720862,57.81619774,60.38159399,57.23910163,69.0704882,64.05467826,68.68554295,67.93122706,70.95876264,69.22578395999999,67.84996851999999,68.55820928,67.15849697,63.09427428,66.90264363,64.50113364,77.13887059999999,70.75539699,73.45675671,71.83902089,73.01383077,76.15100695000001,74.24096345000001,73.04238670000001,76.36475027,70.51763839,74.71278407,71.31474025,76.91466809,74.23293737,81.70902105,74.99429281,77.03153232,80.71111215,75.62824777,77.69067156,75.10279758,69.16536612,74.22395949,72.96620862,80.91312373000001,78.13677681,85.40150652,77.80115384999999,83.52069095,83.83996103,79.1879891,84.98853101,78.72614677,71.08653043000001,81.23360417,73.97680167,83.9344661,91.65882798,87.74736352,87.78625731999999,91.3001665,92.86658349,88.69311676999999,92.45350476,82.38602999,76.97728436,85.53591311,82.97433396,88.16928683,86.56372973,92.56832461,87.76735512,94.61406692,91.49412119,91.34304575,94.90437335,87.56587066,80.30327943,83.53911638,79.57352324,97.76385309999999,89.98120623999999,94.20151778,94.11069323999999,97.51682203,99.11833219,95.94089473000001,98.26348546999999,98.7919845,88.99607581999999,93.32414908,91.92587655,106.1991392,100.62196913,105.82998744,107.37048861,106.29648992,111.18045475,104.10512415000001,105.53014867,101.12300143,96.70876109999999,103.8552713,96.4642841,119.14149381,106.02768778000001,120.53531296,111.72526122,118.59017207,122.12283572,110.65614771999999,117.56769191,112.45752294,105.55812329000001,116.13319349,107.07598223999999,122.33135451000001,124.73134517,127.07385311,122.61692402,127.9919008,131.2571634,120.64737743,129.53016395999998,121.81066926000001,112.98463073,124.15923968000001,117.71547331999999,123.90737222,127.44703366,132.57656312999998,124.85829237,134.62131553,127.17409504999999,126.1726795,133.84797848,126.20936922,113.54531890999999,122.2687541,116.06160252,114.47699752,96.72711219,106.10373762,92.90146136,80.32085269
43 Rio Grande do Sul,45.89770482,52.92869592,51.97241677,51.67935079,53.75967401,56.391647770000006,56.23375874,57.91017098,59.592124909999995,57.56574208,55.69692094,61.52238002,52.10163777,65.11196549,61.59082891,64.40229162,63.090640549999996,69.13700487999999,66.06262979,65.22201132000001,67.56940919,64.1891153,62.24428279999999,65.48838787,56.964528310000006,69.93357714,66.48683562,69.10836747,67.57077009000001,70.07475473000001,70.88400917,65.07979492,66.55601562,66.09703085,61.73709813,66.91891309,61.370763600000004,69.0049748,66.22506829,72.17266973999999,70.77099238,70.83535817,73.67439094,68.3459745,70.41113431999999,68.00892209999999,65.69203928,71.52379574,64.13504124,73.62356814,69.01025819,76.607693,74.78542389,76.91694725,78.75812555,69.41347517,77.15556205,69.5908969,67.26719631,78.34644399,66.86756281,76.56294015,82.70569147,82.8553873,80.63841168,87.45653874,84.52638995000001,81.98392189,87.4523301,82.65369149,77.63656705,83.65572566,75.58444338,82.96505306,83.58585375,87.82140554,85.17600881,90.59215629,89.98004686,90.63554474,93.41654853,86.54682684999999,81.25360798,85.25147826999999,75.24426384,95.20707562999999,86.94222917,91.88853634,90.00769088,92.60361728,90.47394446,87.34776793,87.83400112999999,86.43958598,80.72170752,85.43516582,79.21193113,89.81793775,85.29735228,91.26110684,91.31001617,90.98832952,93.71541741,86.87232619,87.08997507,81.91963976000001,81.59947803,87.25598799,76.0704202,93.116698,83.18837966,95.14994863,93.17241499,94.41525759000001,94.22815801,86.42477365,91.59817914,85.79370048,82.73757448,91.82567154,77.58201238,91.07832519,91.92677379999999,91.67813198,90.98988784999999,94.86100809999999,96.79964323,87.34426909,97.37110006,90.19076767,81.7488803,92.46710001999999,85.30100044,91.62433870000001,92.78795322,99.11764375,95.84050987,103.02818947,98.54611009999999,94.3691898,96.91390471,90.97180922,88.72087359,97.47436262000001,85.45164634999999,84.65139659,76.29459695999999,86.07611342,89.01947881999999,78.92970381
33 Rio de Janeiro,44.122593189999996,42.89266552,45.295962859999996,43.95134946,44.102925770000006,44.34852004,42.48793951,43.06646147,44.553314549999996,41.351511509999995,43.00978704,60.87040036,40.65784156,52.74936957,48.89560242,51.16712965,57.231407479999994,53.48565768,51.22066143,48.481294829999996,48.66799609,49.685211689999996,44.4078568,55.99370991,44.82045433,54.457993439999996,78.11809631,56.007801979999996,51.43582633,53.86128443,57.86728517,53.736019369999994,52.371157049999994,50.22061543,50.89132843,74.00561829,61.109436880000004,55.32099884,55.806371229999996,59.07137086,55.20597121,54.55125819,57.979288329999996,53.22438392,53.04003842,49.79522774,47.978400439999994,66.70478522,47.2710405,59.34338090999999,54.013055539999996,60.7505958,55.98781114,56.45656443,58.52577394,53.05749045,57.949268,51.632756439999994,47.80777669,101.63954267,51.149155060000005,57.51896422,63.649897509999995,63.74211257,61.60929774,60.961363299999995,61.533049950000006,59.69309962,60.82081831,54.05503239,53.07602699,66.95569802,56.52384307,60.54154758,58.574440020000004,62.125146,63.6097099,66.14392535,64.97411377,65.13661424,63.994985920000005,60.32741657,62.25317990999999,65.22949128,57.602515149999995,67.92851417,62.415640659999994,71.09465814,69.53058915000001,73.63258504000001,68.64434707,66.59633821,67.99601445,63.49819653,60.00803369,66.13241007,60.02933706,68.60937964,62.93114041,65.52817842,64.77295664,84.17199764,68.27532599,63.48684297,63.88855528,59.479974340000005,61.234706179999996,68.09372389,61.22965834,70.30286022,64.52450656,74.31706487000001,69.85402857,73.15485455,74.54192499,68.72944679999999,73.08489963,69.26088270999999,67.31662213,72.33987822,65.01705187,74.38663912,74.5180963,79.25977509,75.90770863,77.48669197,78.78406869,72.83764552,79.13817066,73.94690494,70.6881862,79.46837891,73.79501314,74.91939828,76.66697133,82.44072847,78.19065212000001,87.98448517,83.31160359,81.14669063,82.24772887,74.62047661,74.89586163,79.70566375,72.41281042,73.59449793,68.16077335,86.28103315999999,77.60492520999999,71.54022733
29 Bahia,33.41012406,41.3017034,42.826993619999996,42.07129417,39.9100424,57.66456093,43.25454333,42.851268020000006,43.33257368,40.946908969999996,41.424654950000004,43.85659459,41.09471703,51.47693068,49.58551341,50.68698415,48.85110839,51.07507325,53.38605882,50.8948175,50.114090450000006,48.79285688,47.4278307,48.61276125,44.513251780000004,54.612375130000004,51.537423450000006,55.43669273,47.47879939,51.14958531,53.62680952,51.01322985,51.499348409999996,51.20630737,49.57924989,53.682160159999995,50.661593159999995,54.91984532,54.32403931,56.094527670000005,52.21171168,55.14466828,62.94118275,55.09556114,56.91992905,53.594727479999996,52.88458916,56.2368708,51.30319823,60.62298899,56.05419458,60.52144827,56.236173439999995,59.43381078,59.2159965,54.81390657,55.99742252,54.660179670000005,53.81856653,55.57335121,49.62950164,57.98529733,60.18916987,61.450345670000004,57.60815648,63.26619729,62.25763864,62.16383325,64.72926856000001,59.20273098,57.27746821,62.65012771,58.83415547,61.07449707,63.244494270000004,66.19457343,58.20672334,66.29907859000001,65.8188773,66.00560583,67.82302471,61.44698235,58.530316469999995,61.10795189,54.94742875,69.40803896,63.11781699,66.62846392,64.20349681,68.29775799,68.36773262999999,66.48705916,66.31388535,67.21035143,59.46219064,65.50921478000001,62.76948503,72.36743183,67.41421202,70.80631826999999,67.05911105,70.73306486,73.47265134999999,68.45440022,68.14098251,64.21952649,61.66917859,68.60587022,60.42262396,72.16770009999999,65.64766521,75.54964406,67.48975547,71.94511375,74.14926996,68.13850052,71.75453281,68.33984068000001,64.79952304,70.33740126000001,60.856693719999996,68.97762188,70.89195896,73.08366568000001,68.36962654999999,74.87773512000001,74.69745817,70.61650853,76.59385776,71.53749545000001,67.57099009999999,70.10059456,66.81460562,69.93889752,73.28310162999999,79.40713176,70.57283697,79.56721583,77.85244131,75.4396991,78.98786457,72.31493833,68.5768361,74.37363119,67.69754436,70.34030129000001,59.109689200000005,61.75677571,65.15930063,58.8981004
26 Pernambuco,26.222079100000002,30.71636181,30.58933279,31.40955323,28.947510920000003,30.98551577,31.70529679,30.7038792,31.16507459,30.88923412,29.75944394,58.86067833,30.04065229,37.06014886,34.83520366,36.1124367,34.552284590000006,35.30627911,37.15961641,35.870149700000006,36.73830753,34.22013811,32.9466584,79.46784854,32.17425818,39.706054710000004,37.928940850000004,44.76587618,36.269244619999995,35.93063479,40.11599738,38.197831719999996,39.41065325,37.84316954,38.12404311,41.17605361,38.0339636,42.147954090000006,41.30124311,43.51473075,40.56319168,43.39178215,45.71825949,40.91283126,42.8573882,42.48770305,40.12885685,42.61636472,39.879763090000004,45.78800465,43.584966630000004,47.97737368,43.13883628,46.77199946,49.23776312,44.628398270000005,47.31806611,44.686685409999995,43.153098130000004,50.672652049999996,43.69125274,50.71961872999999,52.19668676,55.80445121,52.17537116,54.41889131,57.41486105,57.17943448,57.83404327,54.20888993,52.43106239,56.39945334,53.76765908,56.93141943,56.49271444,60.73951881,56.866104240000006,60.94320881,61.86864919,63.477384969999996,61.10128528,57.31908925,55.90940084,58.47216584,54.02732556,63.94578464,61.041726149999995,65.44233541,60.373049710000004,62.1494846,60.775328619999996,57.258128240000005,59.95561088,56.50370805,54.4469449,57.710301030000004,55.58387671,62.032178130000005,59.11981414,61.88129571,61.422837210000004,60.6258351,65.00876149,59.72703744,60.484329380000005,59.50753736,59.41282055,61.72916509,56.3170235,66.84775221,63.61406264,70.06041104,65.93122802,66.68633296,71.40736066,63.9178687,69.13965379999999,63.16138739,61.49303336,66.78427134,59.2865515,66.01009438,67.8488161,71.20973304,66.92656113,67.76358278000001,71.99257297,63.77730061,69.16617029999999,64.61212490999999,62.06814767,67.6152694,62.461656170000005,64.94904647,66.10315927,72.89791354,66.60604473,71.314442,71.73562695999999,70.92417475,71.44883323,68.40276779999999,64.85689124,69.63071214,62.55218996,59.62867407,53.843729229999994,65.4247194,68.14511059,62.325444340000004
42 Santa Catarina,24.409572920000002,27.4834805,27.80664144,28.35427952,28.993292760000003,30.049455690000002,28.887854620000002,30.72571878,31.27439562,29.99863578,30.45460634,32.08220352,29.84565579,34.921069200000005,33.67749955,34.05348316,35.68500553,38.33770414,37.11005524,36.516827060000004,36.2079685,35.45141703,34.36013647,34.093173060000005,33.608566259999996,38.776130280000004,36.70500171,38.08580313,37.686277049999994,38.57408503,40.25618861,37.84022077,38.96385534,38.29733952,34.73671557,38.83971596,37.219889130000006,40.78602482,39.12331067,42.6303664,40.9450347,41.80544193,43.011356979999995,39.87985008,41.062664170000005,39.076312009999995,36.8189051,40.49470922,39.17412019,43.074967640000004,42.57781089,45.91507224,43.11034634000001,45.05511654,47.248755270000004,43.236537090000006,44.68603831,41.1913603,36.93563465,44.88145322,40.454271520000006,45.61374907,49.01388577,49.00408328,49.08384068,51.627615590000005,50.20208487,49.99015594,53.21413241,49.771808920000005,43.44054524,48.16631329,46.18740207,50.67498496,50.13328613,52.07041011,52.660305560000005,56.21559689,55.324178409999995,54.8004077,53.963254369999994,50.7815707,48.01738337,50.08335958,45.51268567,54.932727549999996,51.985407869999996,54.968168799999994,54.72472296,57.327402219999996,55.39204022,55.51666908,55.68522809,55.06465549,48.13868273,53.20322528,50.967801789999996,57.60460618,55.325830509999996,58.52553727,61.2118395,63.992868539999996,58.64621656,56.24758551,56.50927864,53.30699611,49.12149892,52.42113568,50.13417782,58.977072549999995,54.10497628,60.19592905,58.2960665,58.36242447,60.18108042,55.16833949,56.65527859,56.06945496,52.42652716,55.20033053,50.09467265,58.796191840000006,61.16070955,60.093810340000005,61.23793218,63.70950655,63.061083409999995,59.354217399999996,63.96162664,61.55323670000001,53.90855778,59.45247388,57.17621574,61.547622600000004,62.756764329999996,65.81321022,61.817516049999995,68.75967319,64.50354072,66.07569136,67.76741913,62.63582771,58.21019151,64.54609976,59.54920875,56.709962090000005,51.179993450000005,56.84360433,56.50374799,51.76453476
23 Ceará,27.64330486,30.085370219999998,31.376221,31.18990462,29.46396511,30.30269199,29.30482151,30.43502682,31.741382870000002,30.4159596,30.26390448,32.12306516,28.875478530000002,36.01882632,35.4456059,34.89401682,33.399345339999996,34.45979632,34.12988737,33.41035178,33.74312925,32.285582670000004,31.98144073,34.00196262,30.730683210000002,36.10933017,34.13957393,36.83861426,33.48637949,34.32045426,35.53381382,34.0341625,34.09212470000001,32.80774983,33.2088445,34.637771869999995,34.64938956,37.65801221,35.6833873,37.26004655,35.86732804,35.17821683,37.36468023,35.23907035,36.94796107,34.802724850000004,33.07764992,36.09685716,32.14262723,36.33166236,37.735485880000006,38.66241092,35.66316149,35.93479617,37.3114864,34.85016208,36.964075369999996,34.41653218,32.662038100000004,38.34908102,35.71093571,37.8140067,41.827390369999996,43.07282135,38.19405344,41.101106030000004,42.52545989,42.49288120000001,42.08234142,39.804364,38.78896855,43.40608099,40.37055934000001,42.99511012,43.49139246,45.375942020000004,43.57889104,44.45537537,43.55468226,43.024685909999995,43.55254465,41.20505549,41.322680420000005,40.9937375,39.541875329999996,45.20722627000001,44.15923224,43.10462826,44.51865907,45.13234962,46.76331518,44.13291,45.89492372,43.00023127,41.558755829999996,43.54726494,41.1068723,45.69229237,44.06113842,47.70207343,47.59276797,46.22027885,47.94947012,45.27340951,43.50142633,43.76936637,42.22490599,44.44696572,41.01707043,48.43370873,44.43868132,47.75943366,47.7534312,47.80081245,48.45553104,45.91145082,49.1678649,44.738803600000004,44.44211637,48.58628474,42.120360659999996,48.63725849,50.80562571,51.998581310000006,47.40680541,47.91655796,51.37644625,46.56033578,52.21652036,47.71785254,45.184079149999995,51.30283345,47.437503369999995,50.6544258,52.32220207,55.37146038,49.98716087,54.3400196,51.67258501,51.73534774,53.94186757,50.213511700000005,48.44758361,53.0863893,49.01530322,46.39535697,43.46881662,54.20033948,42.14655581,30.809221219999998
52 Goiás,18.14937427,20.992213030000002,21.0494773,19.16254679,20.332533920000003,20.008563149999997,21.041071329999998,21.39609851,20.6105415,19.91234749,19.343787539999997,20.81788066,20.20126116,24.17411921,22.94395273,23.78190669,23.66898157,23.29372339,25.83554414,25.151192719999997,24.72993386,24.09013018,23.172590109999998,24.61575215,21.86280798,26.554387039999998,24.60712259,30.10061503,24.54662705,24.647099100000002,27.304926440000003,26.55759508,24.729254,24.00696352,23.93832742,25.57915899,25.47149882,29.96467113,26.87381669,27.667551539999998,26.40330655,26.844970280000002,28.86759387,27.69662704,28.804485460000002,26.65107197,24.57896148,27.68435119,26.636417690000002,29.59403058,28.02919367,27.53269046,27.75504717,26.725240890000002,30.35726597,28.01940458,29.36596745,27.06988932,25.62099177,29.45778197,27.6940123,31.49331962,33.8851583,31.952066679999998,30.69330671,30.69402794,32.84813494,32.80370969,32.69700098,30.99551182,29.448208140000002,31.99160157,30.186539059999998,30.97498977,33.67244769,34.12218842,32.48009298,33.30355127,34.444400159999994,35.77940372,35.382520840000005,34.38726907,32.85115706,33.00727766,32.00042817,38.24378325,35.090536840000006,35.862048460000004,34.54180203,35.970784880000004,35.70815451,36.139653200000005,35.272066200000005,33.69140047,32.44356954,33.02075654,32.72119225,36.408433159999994,33.45528576,34.410079100000004,35.562330100000004,32.7521845,35.82929943,33.970973189999995,32.71912655,31.342934940000003,30.95372201,34.029884100000004,30.91448978,37.525906729999996,33.65065421,37.00197044,33.66385368,33.95834189,36.89936718,32.72145805,35.62149615,32.53539677,32.33257353,33.70229307,30.92346258,34.86171153,33.76450314,36.357757299999996,33.49221173,35.3138844,35.38014868,33.780632049999994,35.99049196,34.86247574,34.05064602,34.79583102,33.27908823,34.951022380000005,36.20740369,37.750841560000005,35.37215057,36.47361792,38.3995927,36.335534960000004,37.17142764,36.23413235,34.050298549999994,36.312121020000006,34.15802381,34.558308520000004,27.49930793,31.870107620000002,34.4376332,33.49928438
15 Pará,20.12608101,22.14937582,23.43668275,23.8610808,23.502915899999998,22.54429126,23.25914828,23.66769001,23.35257775,23.53761341,23.8361624,25.39715743,23.045700699999998,28.22595776,27.47802561,26.61095191,26.42497011,26.331756260000002,27.89258269,27.231854350000003,27.59995769,26.784181739999998,25.51128554,26.421157739999998,25.48355306,28.537493859999998,26.94992337,28.43642505,26.947713850000003,26.12535773,27.761867940000002,27.280175149999998,26.52206212,26.68766381,26.322040530000002,27.9997892,26.17089265,29.193123800000002,27.29475931,27.75932787,26.45884752,25.646178940000002,27.348214640000002,27.12207856,27.151997820000002,27.07676656,25.93560325,26.931701789999998,25.38931074,28.70461293,26.847966600000003,28.53647938,24.989145960000002,23.91541075,25.33930828,26.46352852,27.07893915,25.649589969999997,24.23125958,27.48823567,24.85860641,28.38595537,29.935288760000002,30.03111355,28.28777949,27.83418835,28.495723690000002,28.476294929999998,29.35643761,28.08621941,27.12500459,29.76726618,27.83538047,29.16341518,29.55556223,29.90653473,28.1634134,29.16272748,29.04220836,29.65786887,28.900904079999997,29.55082716,27.96249197,28.691072010000003,26.549566210000002,31.911102109999998,29.75085464,31.054967780000002,29.235281559999997,29.50144059,28.93180495,29.47681094,29.458486920000002,28.477062760000003,27.48949715,28.500205129999998,27.17992078,31.117998989999997,30.19262629,31.09965536,30.9208589,29.97124977,32.16079999,32.27108366,30.090090280000002,30.1901601,29.39965385,31.59825646,28.2193534,34.021215170000005,30.54003673,33.921112990000005,31.80859747,32.133134420000005,33.770556649999996,32.97992538,33.66504235,33.47554529,32.06793467,33.61583609,30.62349162,34.121931,35.039954200000004,35.424611060000004,34.16028318,34.484949490000005,35.618364039999996,34.380916899999995,38.4410905,33.58353808,32.789354870000004,34.513534799999995,31.885919670000003,33.23615579,31.00892495,31.0641065,28.543179300000002,36.71392936,36.46201147,36.79075867,36.974859689999995,35.555518,35.222625799999996,37.00981917,34.63570252,34.74909846,28.71496996,41.24850278,35.396030780000004,27.618727510000003
21 Maranhão,13.452263929999999,14.75089533,15.148647109999999,14.54367992,14.55397806,14.536700199999999,14.60987257,15.31788185,15.617699589999999,15.64397386,14.644528470000001,16.50917438,15.32380001,19.00052861,17.947811129999998,18.27448344,18.10811236,18.0260712,18.56652468,18.71060719,19.04499331,18.37301922,17.558736879999998,19.28209356,17.56910152,21.31609003,19.804547239999998,20.646225469999997,19.8872249,20.272804230000002,20.504334399999998,20.002266780000003,19.67626018,19.1810188,18.37277076,20.558875989999997,19.97762975,21.051962550000002,20.42785983,20.394245379999997,19.651953640000002,19.99670068,21.58070366,20.245794420000003,20.33376864,20.641565649999997,20.04205218,21.66784268,19.843187399999998,22.31131533,21.93671014,23.86547984,21.477051210000003,22.217034780000002,22.983350390000002,21.29956346,20.97812404,19.399117399999998,18.63416375,25.20036251,21.445241149999998,23.985012989999998,24.5231222,24.94908224,23.923607230000002,24.26032735,24.690945460000002,24.827957989999998,25.946591039999998,24.020335210000002,23.1748158,25.507397809999997,23.79654382,26.335073329999997,26.00899998,26.222404440000002,24.68868501,26.22695569,26.179528670000003,26.06668011,26.20706217,24.97603703,22.97911671,24.74872311,23.0038801,28.10920387,27.54778824,27.85120022,25.35564536,27.14508093,27.05706267,26.095608,26.47982313,24.29501899,23.48160393,25.3052644,24.7504771,27.033644239999997,26.49781167,27.61387663,26.54108489,25.98388392,27.76128988,26.25805733,25.34309327,23.76059344,21.54518848,25.914947429999998,24.69692236,28.66847511,26.096854699999998,29.02665211,27.315185489999998,28.47906068,29.340983809999997,27.271119780000003,28.743285699999998,28.08315775,27.08323319,29.401736850000002,26.330254030000003,29.89518177,30.89706802,30.281504239999997,28.45397346,30.8069653,30.83853257,29.97698717,30.994778850000003,28.237905899999998,27.80246295,30.16082623,27.614666059999998,30.32290898,30.475196989999997,32.60311694,29.832196370000002,31.2697732,31.374191370000002,31.58878738,30.157243620000003,30.84908157,29.63223487,31.2561878,28.45729999,28.83266246,23.93815677,32.979447969999995,31.12814466,24.374205149999998
32 Espírito Santo,10.03288643,12.26204908,12.45346698,11.78978609,11.889687349999999,12.205584140000001,12.384068189999999,12.48695261,12.84625793,12.88567754,12.53157601,13.448667550000001,11.90275205,14.490295470000001,14.203837609999999,15.160988210000001,14.34810203,15.19860134,15.633491300000001,14.88433935,14.470016359999999,14.56115072,13.83295449,14.019840330000001,13.04182098,16.87567605,15.184135289999999,15.91326387,15.18919744,15.92949586,17.00098844,16.05530015,16.76368401,16.48737966,15.45949521,16.03003121,15.811419599999999,17.702137739999998,16.397384199999998,17.70742211,17.61897632,17.45588616,19.18861012,16.778443829999997,17.4914937,17.52715196,16.29780756,17.14805304,16.78661791,18.660232190000002,17.05261759,18.723134379999998,18.13786029,19.88077872,19.37550224,19.258247920000002,19.20034035,17.95688669,18.264308059999998,19.12332052,17.94135817,19.869295440000002,19.89029523,19.97977302,19.406981920000003,20.365841760000002,20.87655266,19.75834574,21.1459268,19.684239719999997,18.86888232,19.44701621,19.41198568,20.97796339,20.3726583,22.330461670000002,21.090092170000002,21.98216959,22.80498755,21.86310385,22.52236857,21.38948683,20.805510820000002,21.10626386,20.05126768,24.110409949999998,21.302634649999998,22.841140149999998,22.570531170000002,25.126290219999998,23.28486041,22.39718109,23.69742039,22.83410187,22.484167739999997,23.55531586,22.3361373,26.42049656,24.3557075,26.58094754,24.89177442,26.24315441,26.13601492,23.78287202,24.71663341,24.40927146,25.30491968,24.96155027,22.510666960000002,27.03540752,24.90081695,26.7079934,25.313642379999997,26.0219255,26.797874699999998,25.33630529,26.87583629,25.257656899999997,24.27612139,25.48024819,22.68667267,25.26672961,25.97510639,27.44456456,24.44462213,25.71679637,25.49852261,24.33822714,26.15884599,24.67166441,24.68368586,25.20103931,24.71017175,26.74072797,25.9810584,28.690916870000002,25.93688897,28.55051279,29.29872179,27.4292694,29.709557399999998,26.2366364,25.163041420000003,27.53355066,26.54280284,26.55568868,23.73572464,28.61468375,27.45086516,27.46047547
24 Rio Grande do Norte,9.11010887,10.126626539999998,10.96423485,11.03287123,10.45059908,11.11905352,10.81284019,11.258681529999999,10.57219095,10.16472086,10.753451609999999,10.207998289999999,10.721328369999998,12.29822711,11.640067279999998,12.3975242,12.62931937,13.17427704,12.74432816,13.44006699,13.52603442,13.15339869,12.49312823,12.729297560000001,11.551990570000001,15.162136630000001,13.64931945,14.24202319,12.55183185,13.470311650000001,14.15697775,13.940868,13.27205748,13.47310756,12.78892915,12.51657932,13.77568396,14.970286869999999,13.98461576,15.30939475,14.67497435,14.91168635,15.09185751,14.66346645,14.558218980000001,14.19870051,12.53358682,13.94918034,13.731504699999999,15.96224968,14.074322630000001,15.274938970000001,14.41773749,16.23430986,15.6100186,12.22952701,14.79989201,14.132316710000001,12.87849494,14.75779833,13.55950612,15.838411279999999,17.44002433,16.749166810000002,15.541512939999999,16.88348954,16.13854788,16.14123437,16.16157567,14.4195146,14.117580310000001,14.49597222,15.446589320000001,15.63316365,16.870824640000002,18.06927941,16.23449193,17.895994390000002,16.240425939999998,16.32561703,17.07831428,16.55363998,15.860056929999999,15.834842779999999,14.7751749,18.63954797,17.463935460000002,18.4419063,17.78444468,19.203746350000003,18.47514093,18.225975899999998,18.26281706,16.917374239999997,16.6215344,17.06439741,16.62782282,18.525680920000003,18.41120345,19.98192916,18.19656943,17.59642867,16.55329383,13.67228729,19.082523579999997,16.78552238,17.24158989,17.959290059999997,16.12695692,19.36626916,18.22530241,20.22742564,18.86144544,18.76651459,20.02897678,18.5312626,18.12257713,18.169461870000003,18.11825843,19.045469420000003,18.25403458,20.97218731,20.717428899999998,21.99185964,20.90980817,21.54486414,22.61685875,19.926336210000002,22.290820670000002,20.44527359,19.38037516,21.14737776,20.77092583,21.77521378,22.20657663,23.81943058,21.61356761,22.13708777,23.07330772,23.43726573,23.08576553,20.35016795,20.13589521,22.201116149999997,20.512979079999997,20.93669202,17.31994766,19.91657052,20.219961809999997,19.59305745
25 Paraíba,10.87158962,12.348758140000001,12.68096513,13.25841171,12.24668633,13.0908426,12.67377435,12.79063917,12.72766114,12.45808228,12.454203960000001,13.4670881,12.52148465,16.45449351,15.58984409,16.50708017,14.97820745,16.332259230000002,16.03749047,15.829092730000001,17.07337225,15.71838126,14.643961699999998,15.25355769,14.01870286,16.62207593,16.20560799,17.03039364,15.16461287,16.55734962,16.38138697,15.59516302,15.6941234,15.58465756,14.675341730000001,14.904674539999998,15.59084164,16.41489676,15.02195587,15.64387548,14.73275629,14.671783099999999,15.63726411,15.35748301,14.985747960000001,14.98977707,14.06849989,14.50113633,13.78588574,15.44869292,14.8720143,16.622176070000002,14.90268751,16.0584934,16.21903077,15.37479425,15.16736107,15.12901984,14.00753473,15.55418001,14.712501849999999,16.41824441,17.311199769999998,17.47956389,15.895477080000001,17.26459847,16.78935935,16.4779333,16.56038514,15.69958532,15.199279480000001,16.36923836,15.38364893,16.333987439999998,16.79602557,17.35724308,16.14206665,17.118592149999998,16.517254,16.787470589999998,16.734999730000002,16.03622651,14.7802878,15.39890801,13.52569018,16.95113159,16.46141563,16.91406206,15.818047960000001,17.08132783,17.065636079999997,16.7315917,16.50843364,15.909632890000001,14.39425406,15.121711529999999,14.570163449999999,16.69366487,16.53510266,17.69211748,15.780382269999999,16.02454841,16.82835047,16.10616852,15.42991133,15.07157609,14.408708769999999,15.31115384,14.34872645,18.647794670000003,16.71032848,18.77468027,17.436389329999997,17.99520252,19.35170153,18.646289969999998,18.245810010000003,17.985557309999997,16.38832231,17.867994890000002,16.83028457,18.65984018,18.830153600000003,19.53678789,18.66877293,19.04687799,19.88905691,18.24104636,18.93304343,18.351401879999997,17.45464389,18.42339703,18.23830593,19.04274075,19.98525854,20.59910873,18.616883329999997,20.45098867,19.85469954,19.250722850000002,20.22861055,18.79317773,17.35047069,18.4835226,17.2974523,17.60747801,15.386630890000001,18.97054357,19.66609687,15.49146906
53 Distrito Federal,10.2159568,11.62791826,11.92201536,11.900817,11.96927176,11.299443,11.54845189,12.4225776,12.41997684,12.30269899,12.0056696,13.150489,12.358825509999999,14.44551857,14.43421104,14.62216793,14.2094138,14.459081789999999,15.05199346,14.04571183,13.16277524,13.1975967,12.88950922,13.48404667,13.29573866,14.92838444,13.535496109999999,14.39459986,13.863063,14.05158656,15.07333693,14.6367244,14.05206336,14.27701684,12.47475739,14.61165544,13.51024387,15.156900720000001,14.830081289999999,15.03980335,14.53359349,14.15227774,16.20328214,15.54533316,14.984401720000001,14.51763925,13.66013957,15.24341025,14.058287029999999,15.75645246,15.26466996,15.568002779999999,15.122475439999999,15.049839460000001,15.49855436,15.242942800000002,15.813900689999999,13.666331640000001,13.16822945,14.10284197,14.46358448,16.20427468,16.66120889,17.0354569,15.936938199999998,15.619909980000001,17.2074264,15.938775369999998,16.919100739999998,14.95090668,14.38554052,15.34726506,14.53839824,17.06047032,17.18159931,17.25523112,16.249619640000002,15.58721518,14.95461088,14.30993108,13.765945140000001,14.020609039999998,13.73078149,12.28586367,11.94645793,16.99351309,15.98940075,15.24815843,15.1699334,14.58493345,15.25371089,15.83181605,14.37056276,14.39632833,14.06926882,15.55648741,15.62979861,16.6927613,15.92207667,17.50363122,17.529009969999997,16.54785494,17.770626699999998,16.58893142,17.42087975,16.55198173,16.10863474,18.09776483,15.39227358,18.69934869,16.523664460000003,15.5319986,18.57361032,17.54137812,19.14309184,17.94984452,18.20021374,17.40970146,16.03871079,18.97684656,18.38924038,19.74654297,19.508159579999997,19.463161260000003,18.40038835,18.783802780000002,20.2917413,19.38806107,19.677470120000002,18.39789323,17.56477475,19.662949329999996,18.27082361,20.04608124,20.60203752,21.10110801,19.36181939,21.51492674,21.13336151,20.9636216,21.333585199999998,19.61740092,19.20714801,20.42906727,18.21917296,19.40544688,18.123899780000002,21.43743022,23.47977303,22.23354226
50 Mato Grosso do Sul,8.27928879,9.79388878,8.99754275,9.84210859,10.257782,10.16782724,9.60284349,10.27246674,10.81411153,10.371654900000001,9.140959800000001,9.771575460000001,9.64870617,11.7842901,11.24077037,11.1554459,11.796784619999999,11.956687539999999,12.42033671,11.48976873,11.69848788,11.28678717,10.81472924,11.57071838,10.92076016,13.20408581,11.711475199999999,12.671896779999999,12.584046800000001,11.808910050000001,12.91715245,12.42967806,12.52668104,12.30536094,11.19003282,11.89402789,11.69174582,13.24393373,12.611967810000001,13.43513924,12.9952725,13.18712848,12.77517856,12.413572779999999,12.26428991,12.36356612,11.847750529999999,12.70824294,12.25835015,14.18259188,12.6957419,14.76260011,12.97543465,14.39205682,14.21926716,13.02212335,14.00524897,13.03849792,11.88121815,13.73038217,12.661202289999999,13.981801710000001,14.908567,13.99006333,14.03423859,14.48984207,14.317099429999999,14.9666825,15.07739404,14.31350117,13.360775960000002,14.476457539999998,13.378691640000001,14.78485066,14.2369614,16.186722,14.707272199999998,15.41781214,15.6624941,15.34150178,15.48049635,14.624058439999999,13.751928710000001,14.71058661,13.50832895,16.60436715,15.15709125,15.502849679999999,15.93436442,16.52726393,15.862246769999999,15.30211892,15.40213294,14.07263915,14.39317171,15.40329701,15.07753475,16.63932385,15.795236630000002,17.03086102,16.8821876,16.41406406,16.50194124,16.56027708,15.450100359999999,15.36281506,14.7809965,16.56067733,14.50273375,17.888222969999998,15.64660191,18.21208117,16.3230176,16.89256636,17.01978773,15.80830419,16.07164595,15.68700065,15.04036893,16.146431630000002,14.703494869999998,16.969878140000002,17.062906920000003,17.06819256,17.1430323,17.4350399,18.23932145,16.963131370000003,17.67718562,16.36392626,16.14910915,16.90263663,16.96475779,17.25939223,18.14756263,19.143242280000003,17.90563897,18.126954440000002,19.21798214,18.90436443,18.81218596,18.3164808,17.84451104,18.653296920000003,17.769247,17.3570088,15.65277251,16.7038511,15.83865934,12.50871735
22 Piauí,9.7116802,10.42819109,10.227943,10.56214866,10.46508893,10.6180797,10.64591752,11.03794055,11.14337571,10.58304966,10.15173846,12.41195666,10.89619727,13.75437444,12.570578130000001,12.93641998,12.20584071,12.883412779999999,12.877691949999999,12.48661677,12.54151667,12.421929890000001,11.09820701,12.554360189999999,11.39806783,13.60608588,12.1571421,13.077016550000002,12.062273730000001,11.78609956,12.2978917,11.99693827,12.3589503,11.68638333,11.41274789,14.558579439999999,12.26575709,13.18765173,12.67841726,12.67520511,12.16007686,11.9190673,12.15912451,12.56283487,12.20349551,12.160989359999999,11.60873533,12.83414049,11.61110159,12.74398218,12.21123016,13.64191612,12.51337469,13.24110164,13.237685630000001,12.92089243,13.014911779999998,12.09953709,11.893570279999999,13.407770119999999,12.22739596,13.95768519,15.15921627,14.65184508,14.82207298,14.37421821,14.09125229,13.85994348,14.082278800000001,13.19495782,12.19580815,14.07314403,13.34065342,14.00883963,13.96476606,14.459727730000001,13.753793880000002,14.60864802,14.70754363,14.43947637,14.29327406,13.865890039999998,13.20083652,13.59781108,12.61533121,14.86827977,14.763842859999999,14.66678568,14.438436119999999,14.45775247,14.918042400000001,14.93536443,14.77801273,14.27865398,13.980063869999999,14.65266055,14.211959720000001,15.77552734,15.72401335,16.420434619999998,16.255227089999998,15.885221210000001,16.31745871,15.69922571,15.2929621,14.904386720000002,14.30340101,15.6501585,14.62296452,16.81893013,15.76167942,16.97946475,15.51418316,15.403020269999999,15.7205993,15.30738792,15.6563461,15.60546166,15.04288908,15.979472640000001,13.63529355,16.16424927,16.31357841,17.27022367,16.13288717,16.2166855,16.55061702,15.76215438,16.785244629999998,15.744012679999999,15.59116182,16.88231566,15.53642806,16.87813,16.77946857,17.98516084,17.14816573,17.505527280000003,17.81640411,17.9167889,19.15550831,17.64909271,16.84690302,17.31288965,16.26461357,15.31897543,11.87858716,14.17505345,15.37552359,18.01921449
27 Alagoas,8.1122203,9.21050556,10.466691939999999,9.84409603,10.28866811,9.3854404,9.26276768,9.228201960000002,9.464597849999999,9.57854001,9.36124791,10.12188147,8.994586400000001,12.04099668,11.65121851,11.47107917,10.955769810000001,11.345518140000001,11.71515735,11.73205072,12.05009388,11.89595183,11.01610425,11.20058626,10.24356876,13.19795695,12.543380699999998,13.186678,11.56447661,11.698448970000001,12.689693740000001,12.333599130000001,12.24886723,12.10349269,10.972429230000001,11.056588960000001,11.826444960000002,13.17854652,12.26024974,13.92954592,13.07777057,12.38468224,13.50551697,12.25097037,12.51091909,11.79479534,11.053272199999999,12.15118251,11.536047609999999,13.019839939999999,11.78848417,13.059475039999999,12.10632502,12.85313025,12.6915056,12.14264164,12.86047041,12.23510781,11.6775943,12.74861609,11.5387115,13.92983186,14.40231114,14.8431283,14.70006189,15.44677761,14.224278779999999,14.662410509999999,15.03668557,13.67458111,12.076711029999998,19.89787272,12.32639097,13.64552042,13.39488991,14.397326029999999,13.67877174,14.84350614,14.481399,15.44600419,15.36519667,14.44544007,13.37688678,13.27486757,12.19975861,16.54837234,14.870168300000001,15.27321463,14.99696734,15.291175699999998,14.579558630000001,14.20690405,14.85614785,14.29704754,13.72668597,13.651455210000002,13.006011789999999,15.63697637,14.66691383,15.72844255,15.08815362,15.72956842,16.3256272,14.22278025,14.79660093,13.923196769999999,13.02563374,14.99612494,13.33387977,16.23258723,15.260073740000001,16.73481688,15.50816995,16.47513453,16.99318355,16.0398911,16.428152869999998,16.46053089,15.069229609999999,16.40762375,14.10828371,17.291774710000002,18.077005489999998,18.191826640000002,16.60161644,18.0178032,18.22124982,16.27354719,18.384714629999998,16.18651159,14.72325284,18.03647581,16.4329437,16.38336736,16.96731909,18.40178088,16.66527065,18.01027958,17.66810559,17.493927420000002,18.37319131,16.42968991,15.969025279999999,17.26396088,15.228725990000001,15.99872186,14.241361439999999,15.25420431,14.27887207,13.0878504
51 Mato Grosso,7.92989493,9.41636768,9.39058803,9.37819725,9.4503006,9.789875380000002,8.98781195,8.8430616,9.237298800000001,9.4591928,9.210598630000002,10.03958241,9.3265764,11.68073078,11.10264347,11.49569405,11.38642593,11.65885538,12.33907728,11.60018711,11.262247369999999,11.73497074,11.06538168,11.83999016,10.82651286,13.2436841,12.24070264,12.781426230000001,11.6140629,12.19393116,12.2131306,11.92368394,11.70337519,11.48491722,11.23113425,11.689015869999999,10.872461880000001,12.323295289999999,11.87588432,12.16003615,11.89646692,11.90691401,12.51643155,11.99745495,12.37370966,12.03504067,11.17633425,11.610941960000002,11.14514692,13.09205907,12.64490477,13.74193746,12.13302298,13.41339753,12.803915369999999,12.32609633,12.97531573,12.099723619999999,11.70193675,12.92707768,11.34465997,13.62832637,13.33971757,13.550755070000001,13.04761448,12.69211231,13.55222624,12.948758029999999,14.073754390000001,13.302924189999999,12.03435069,13.117006,12.80437454,14.25460483,14.03817078,14.599236300000001,13.846204380000001,14.70953015,13.939134359999999,13.6446179,14.958564619999999,13.680626689999999,12.81156648,13.43695156,12.774769970000001,15.503274189999999,14.76813725,15.456624269999999,14.04384409,15.301276960000001,14.906771529999999,14.14622575,14.840947439999999,14.82604663,14.02710289,14.52240972,14.41491894,16.09938426,15.27570367,15.95896389,15.58636803,15.184179550000001,16.20912259,15.01367123,15.11133272,13.41433243,13.60669044,14.81470716,13.94647126,16.4379156,15.835149880000001,16.543674210000002,16.19403775,16.50840255,16.74937727,15.41629284,16.25154559,14.65989499,14.473688300000001,15.578896349999999,14.59242867,17.252931320000002,15.921801140000001,16.73227217,16.07507371,16.47900811,16.01118769,15.35727396,16.83415193,15.47440582,14.2349423,15.05538398,14.47890698,15.97670125,16.026760630000002,17.30433481,16.13182019,16.46780396,16.53233542,15.59613369,16.51476499,15.09736241,13.8277062,15.44569374,14.43117187,14.4442076,11.94371353,13.98148329,14.58500942,13.083151699999998
13 Amazonas,7.934652099999999,8.64151713,8.53157649,9.07990215,8.64629577,8.7558065,8.331763969999999,8.14808992,7.68166102,7.76144521,7.76478266,8.607222740000001,8.38596292,9.20712928,8.160517200000001,8.56232243,9.484998710000001,9.465068519999999,9.26700658,9.09282355,9.21840734,8.67406802,8.36578846,9.38694503,8.37304881,10.32115001,9.99016413,9.767161230000001,9.1518385,9.140196880000001,9.43722441,9.74268049,9.99668644,9.53287827,9.33580305,9.800511519999999,9.46166454,10.95454577,10.529645039999998,10.10549401,9.96635903,9.97284716,9.96589392,9.86103002,10.20664146,10.735915349999999,8.70276618,10.037664679999999,8.9777281,11.04868639,10.4722904,11.49037742,10.677441179999999,11.01001057,10.766405240000001,9.5697129,9.98982259,9.95792562,8.918794960000001,10.85559098,9.42947472,10.1701309,10.53942815,11.11003676,10.46711016,10.40064204,10.85121249,10.420922289999998,10.59900025,10.244521599999999,9.306819970000001,9.474986900000001,8.22511803,9.9239801,10.308887720000001,10.39810616,10.61320866,10.530622359999999,10.78944965,11.37308593,11.78049451,11.27553244,10.9595445,12.14985706,11.3639819,13.37923772,13.15916882,12.962255410000001,13.423538070000001,13.25384431,13.45742249,12.622284089999999,13.08804045,11.49562809,11.59667158,11.543911289999999,11.99024208,13.50890638,13.06764544,13.63362787,13.143225359999999,12.69241945,12.51796268,11.6344534,12.1217752,10.806653189999999,11.93390228,12.21414815,11.689140720000001,13.4747198,13.71783175,13.909566029999999,13.718828460000001,14.39621086,13.745304220000001,13.97979294,13.895515900000001,13.518116800000001,13.635186019999999,14.549450859999999,12.75355536,14.74940947,14.57793081,15.38106196,14.653650769999999,15.544595789999999,16.37496141,15.34334093,16.24996361,14.25540882,14.27405394,15.358914,14.100074560000001,16.10397189,16.15449182,16.52997606,15.50998483,16.64222071,16.49371952,15.34632327,16.28243668,14.78133242,14.92338022,15.93956123,15.138110699999999,14.773739410000001,16.330913810000002,19.44115053,17.50933466,13.35851402
28 Sergipe,4.63685076,5.017838070000001,5.26595103,5.36709494,4.98103636,4.92882287,4.5432525,4.52567682,4.5660523799999995,4.71624196,4.27262788,5.037054400000001,4.98321759,6.50486257,5.77273246,6.111674219999999,5.78989543,6.122676139999999,6.1056749,6.01991261,5.85249957,5.7229882199999995,5.20110049,6.26103157,5.75403225,7.057311820000001,6.75826465,7.4523604400000005,5.958403639999999,6.660243299999999,7.06151692,6.92462871,6.66360422,6.69115075,6.4146423,6.96822401,6.1181380899999995,6.6914727,6.940307059999999,7.30390916,6.57115861,6.75862662,7.010745780000001,6.23686339,6.64298253,6.49091725,6.77433441,7.21287209,6.6892855,7.24128982,6.75920852,7.67277496,7.03372991,6.67011321,6.98143492,6.716706,7.30229437,6.49597981,6.35196746,7.2079530599999995,6.31389986,7.35436934,7.57431116,7.21846289,7.08756373,6.98796176,7.24286323,7.10243326,7.51850756,6.72492491,6.55990426,7.46888842,6.6371628,7.02000305,7.17793028,7.45710646,6.7337432,6.67129558,6.98949,8.1126804,7.590057900000001,7.590459190000001,6.59604721,7.84309234,7.19694468,8.40531498,8.5214639,8.86222282,7.65325031,8.60622214,8.80425842,8.92578757,8.627422050000002,8.37417144,6.775642700000001,7.55737033,8.189897179999999,9.250036660000001,8.759100779999999,8.9451558,9.094975369999998,9.02204057,7.4843382,9.18798001,8.38973681,7.51095982,7.36290421,8.27658607,7.851142769999999,8.5666284,8.505926220000001,9.086764550000002,8.668664289999999,9.021660599999999,8.965880619999998,8.464509210000001,8.67932584,7.57899817,7.350893950000001,9.3135564,7.81777209,9.831536210000001,8.649405830000001,9.12732357,9.14158881,9.026038830000001,9.57216412,9.027721470000001,10.07245367,8.939051710000001,8.88559593,10.04733965,9.465338970000001,9.45587639,10.22965199,11.1568496,9.81877539,10.14206436,10.07528052,9.63395553,9.969119359999999,9.27835826,9.23014457,9.60588299,9.16071354,9.19324873,8.395906570000001,8.45020957,6.70592303,3.3127663199999997
17 Tocantins,5.05193207,5.20015187,5.34371473,5.34448799,5.39841309,5.06146161,5.21329038,5.20140094,6.01307144,5.20511437,5.6149189,6.02243754,5.98420971,6.64096462,6.461045179999999,6.62239784,6.30260271,6.330494799999999,6.65701675,6.2798238,6.63717555,6.4524780999999996,6.29088184,6.25563025,5.77224805,7.12172792,6.81594493,7.05245827,6.3542419599999995,6.87259957,7.00697571,6.6819519199999995,6.80528069,6.574975360000001,6.38615799,6.94186925,6.5990816500000005,7.41370596,7.0526963,7.3479721200000006,7.195700990000001,6.692342099999999,7.35456365,7.001655769999999,7.163042269999999,7.38743212,6.91893772,6.91162924,6.8613057,7.96264254,7.56956903,7.8735445,7.029694259999999,7.3097563,7.533961400000001,7.065536,7.2539452,7.05942807,7.12617536,7.1497269,6.86739784,7.93078814,7.84319737,7.98553408,7.33972475,6.97338581,7.2827197,7.583823219999999,7.60201031,7.16666822,6.8019912,7.1456549,6.69230482,7.21601689,7.59366616,7.938065440000001,7.45387463,7.6667923600000005,7.67132007,7.6478945099999995,8.1986529,6.95790345,7.091428860000001,6.5095547300000005,6.15080812,6.98799201,7.08956937,6.79743868,7.054458820000001,6.57682003,6.77702662,6.3543348,6.40961656,5.79383487,5.471576160000001,5.98465732,6.13531966,6.57831907,6.8290726699999995,6.69220088,6.68579303,6.34995578,6.3644494400000005,5.80255993,6.09559853,6.143712099999999,6.3005534800000005,6.19897034,5.949471900000001,7.3905294900000005,6.19683414,6.542051610000001,6.590321019999999,6.1487823399999995,6.4852592,5.585288,5.603258019999999,4.71304668,5.50636607,5.63274575,4.7107642400000005,5.12095306,5.3472444900000005,5.95596829,5.48440152,5.44576744,5.51486691,5.48617829,6.041880730000001,6.217142030000001,6.26986967,6.46257469,5.785900150000001,6.5880804699999995,7.235519780000001,6.957234519999999,7.12725856,7.11704732,7.14006279,7.11999129,7.587986900000001,7.59417534,7.57306495,7.225320389999999,7.34117188,7.02582112,6.20445342,6.73237056,5.01813813,4.4896658700000005
11 Rondônia,1.9407926299999998,1.95572168,2.1433538100000002,2.28038258,2.6245429700000003,2.97342102,2.93828629,2.84393091,2.8781532000000003,2.78002262,2.65180489,3.14756624,3.08210812,4.19035533,4.04025162,3.94642371,3.37237796,3.72060886,3.78732326,3.67936994,3.8661469900000003,3.6678086000000003,3.63347179,3.81231559,3.91177603,4.66306075,4.52454488,4.77875526,4.3697332300000005,4.63243912,4.46430747,4.668642019999999,4.4903682300000005,4.42384008,4.3844300899999995,4.17352995,4.29308561,4.674947019999999,5.087527809999999,4.72419254,4.69011205,4.31948817,4.778472219999999,4.20280584,4.372265769999999,4.38902581,4.04533934,4.47272153,4.4174862,4.85979535,4.59000882,4.57946354,4.46785899,4.16029603,4.31500538,4.04331446,4.289759650000001,4.13860085,3.9667443,4.47169332,4.378412900000001,5.49594692,5.38089026,5.17001534,4.89958621,5.52695919,5.8896853899999995,6.367552030000001,6.299844719999999,6.68586176,6.16303606,6.349302,6.059111349999999,6.74043614,6.58424921,7.55808791,6.93486498,7.15061114,6.95788267,7.057715900000001,7.096778400000001,6.965306559999999,6.80354472,6.98369879,6.62405946,7.50159628,7.36502291,7.64573488,7.54561991,7.43860496,7.23361824,7.42598115,7.6543155800000005,7.4290062400000005,7.58076875,7.0251756,6.760305809999999,7.77982221,7.70789266,8.5605299,8.35516566,7.8457099800000005,7.93114633,7.55494174,7.96367401,6.96451259,7.1744455700000005,7.00723618,7.15471019,8.762491599999999,8.13348855,8.14063949,8.0412488,8.19903267,8.36338607,7.8898195,8.60394385,8.04839825,8.15973749,8.457455710000001,7.7669832,8.85884557,8.407076439999999,9.49293892,8.20619592,9.01161258,9.12496784,8.40673272,8.41136002,8.651081660000001,8.19342599,8.388269450000001,8.645315779999999,9.050329130000001,9.21126251,9.490545019999999,8.6008862,8.919190859999999,8.90911189,8.40938609,8.92434841,8.94860566,8.66075305,8.32641632,8.41378442,7.1743123099999995,7.423678639999999,8.581195130000001,9.19359376,7.40738824
12 Acre,1.74397866,2.05743902,2.05782969,2.2265779300000004,2.1125768199999997,2.02912801,1.8868718400000002,2.0848848,2.2308384500000003,2.12201312,2.19665169,2.1522392999999997,2.08677561,2.47636426,2.3968876299999997,2.6102618,2.1740981,2.05188516,1.71470791,1.34153234,2.2884588999999997,2.46271279,2.2549002000000002,2.38153593,2.07998105,2.56483777,2.58831806,2.53852567,2.3197864100000003,2.2791566000000003,2.45459937,2.57892375,2.62544329,2.51299515,2.50058976,2.7495216499999997,2.47351582,2.80144623,2.67280331,3.1355212999999997,2.71904465,2.81455089,2.92352936,2.80454695,2.7732029799999998,2.71116825,2.76518744,2.80427511,2.46038333,3.06214631,2.78046609,2.81147116,2.81301239,2.9469767200000003,2.8015901299999997,3.08989824,3.04907115,2.85802889,2.64214091,2.77480296,2.65039104,2.81305949,2.90625788,2.89327556,2.6878614300000003,2.94038736,2.89594114,2.82479619,3.03423268,2.6823706499999997,2.680655,2.8805701200000002,2.61147972,3.0261177000000004,3.11643345,3.16655772,3.1387597400000002,3.01189865,3.11143136,2.6305603900000003,3.07989404,3.1916639300000003,2.8628249500000003,3.1365225299999997,2.9018297000000004,3.04347478,3.13947252,3.09643052,3.33448241,2.95321226,3.16207503,3.10985627,3.1770876400000003,3.09786879,3.05999259,3.1681909100000003,3.0379228,3.27159956,3.20789315,3.4023937,3.38064497,3.56610755,3.52320857,3.1739324300000002,2.9110801800000004,3.08265271,3.17350952,3.00972719,3.13447101,3.5867812999999997,2.8113654300000004,3.1614465299999996,3.35522335,3.56269154,3.37529664,3.34149758,3.35837805,3.14538544,2.6387739199999998,2.96816875,2.76979739,3.05763196,2.87496531,3.17557517,3.0609032099999998,3.2530116099999997,3.0406450499999997,2.92617927,3.1261206400000003,2.47345485,2.2774934900000003,2.59434732,2.23438836,2.4730084900000002,2.97976477,3.07053395,3.24905269,3.56753864,2.98107298,2.99886031,3.29337897,3.17424943,2.95956909,3.26112388,2.9812642200000004,2.85910206,2.47206308,2.38389548,2.1999207000000003,1.1638130800000002
14 Roraima,0.77168783,0.8760911800000001,0.8969525300000001,1.02728873,0.9382935400000001,1.00434044,1.04529111,1.00374089,1.05506343,1.22320073,1.23652918,1.1862813600000002,1.10622518,1.42269018,1.37785919,1.3638830100000001,1.3466608899999999,1.3710193700000002,1.52969618,1.5734186799999998,1.51739192,1.59781124,1.53694182,1.61778176,1.45229535,1.81700416,1.7157621,1.93373303,1.84906595,1.87720462,2.04606398,1.93948867,1.75767571,1.52824534,1.4851666000000001,1.60488645,1.22017672,1.27612086,1.37994219,1.67912267,1.77032467,1.64615739,1.6563795,1.80245034,1.85613144,1.65552198,1.62035106,1.60553638,1.62515947,1.76860561,1.5890726899999998,1.9826571100000001,1.78255743,1.74356281,1.82272418,1.63745804,1.37424723,1.61327045,1.58656921,1.71299469,1.4831953,1.78341148,1.71308373,1.72446455,1.9653469099999998,1.8350943,1.81609181,1.74144949,1.7795228,1.69845051,1.73985556,1.64961713,1.44469749,1.82839554,1.74347424,1.93937914,1.77853078,1.83932194,1.81800317,1.89092498,1.79237675,1.9291948700000001,1.92745243,1.95267949,1.65014301,1.80673029,1.96724927,2.00223947,2.20046533,2.23054402,2.2854675299999996,2.21519154,2.00587076,1.93720801,2.0000281,2.30694641,2.0009249,2.33321837,2.06971658,2.10513054,2.39006015,2.32471008,2.47690343,2.2125165,2.34908457,2.1848368,2.38005758,2.3703596200000003,2.25652994,2.60219108,2.3921603,2.76153623,2.69921385,2.68274628,2.8911002000000003,2.73767778,2.69372629,2.6714515299999997,2.6883157,2.7409520699999996,2.47834944,2.67495894,2.72126119,2.84481166,2.96716135,2.8415879700000004,3.3282306299999997,2.87869104,2.96432432,2.5247124,2.4624516400000003,2.66224018,2.4999961600000002,2.84613556,2.78982329,2.8393895299999996,2.6475402000000003,2.86577771,3.18132182,3.07043696,3.1623424399999998,3.12110471,2.8899698700000003,3.0845610800000003,2.96715904,2.81395405,2.3049614199999997,2.91077644,3.2164665099999996,2.73949841
16 Amapá,1.27506372,1.17774593,1.39637151,1.41152077,1.42089201,1.36723547,1.55034063,1.55016699,1.6356765,1.64790331,1.6493807600000001,1.7023074299999998,1.61760391,1.8633765,1.8992153600000001,1.92901206,1.77615594,1.76573176,2.03876273,1.82003362,1.80609238,1.66931882,1.55108336,1.7130374499999999,1.44848925,1.85018141,1.86022548,1.7393710900000001,1.82649245,1.82743346,1.9337826,1.72122414,1.67941024,1.6722338700000001,1.51478777,1.86589298,1.6841783300000002,1.91670022,1.9619760400000001,1.86883595,1.6443998400000002,1.75461159,1.89626648,1.8057833,1.89007125,1.82448966,1.59620103,1.87646636,1.79017691,1.91402623,1.87300995,2.1412713599999997,1.85815383,2.00851181,2.09138806,1.95505892,2.0673575,1.87548025,1.69809696,1.98415033,1.81696655,2.05421374,2.21299419,2.12715129,2.0300729,2.01898922,2.03026574,1.99837804,2.30238278,1.9145233899999998,1.8615383799999998,2.17583082,1.8357606000000002,2.03006308,2.1704459799999998,1.92514916,1.83911366,1.94005621,1.92035335,1.96689786,2.00256003,1.5463586299999998,1.4440871100000001,1.64386704,1.59687207,1.94147546,1.87984954,1.8838853,2.02712941,2.0115121,2.0112129199999997,2.09980971,1.85274603,1.7857547,1.58290481,1.64332769,1.63417849,1.8759818000000001,1.92746131,1.9217056499999998,2.07585244,1.8742278600000002,1.80464032,1.75859638,1.7665041499999998,1.60300031,1.74778008,1.8188741499999999,1.55858521,2.04091024,1.81347793,2.12567711,2.12857823,1.87312082,1.99085021,1.92080756,1.9151766399999999,1.78292717,1.61077922,1.8882166699999998,1.756846,1.8697465,2.0092114,2.09222929,2.047927,2.2602107200000003,2.4086592400000004,2.36922352,2.58815429,2.2984581800000004,2.35679888,2.44132503,2.56417612,2.6042639199999997,2.57361574,2.12785177,2.63289052,2.44587482,2.17306089,2.54134233,2.54018386,2.2394433599999997,2.1414008300000003,2.34985856,2.34249995,2.28624146,1.77455812,2.7010148700000003,2.69949223,2.1550833700000003
